{
    "suitup": {
    "sounds": [
        "suit/suitup"
    ],
    "category": "player"
    },
    "unlimited_web": {
        "sounds": [
            "suit/unlimited_web"
        ],
        "category": "player"
    },
    "suitdown": {
        "sounds": [
            "suit/suitdown"
        ],
        "category": "player"
    },
    "negative": {
        "sounds": [
            "suit/negative"
        ],
        "category": "player"
    },
    "v9": {
        "sounds": [
            "suit/v9"
        ],
        "category": "player"
    },
    "slowmo": {
        "sounds": [
        "suit/slowmo"
        ],
        "category": "player"
    },
    "v9end": {
        "sounds": [
        "suit/v9end"
        ],
        "category": "player"
    },
    "negative_off": {
        "sounds": [
        "suit/negative_off"
        ],
        "category": "player"
    },
    "rage": {
        "sounds": [
        "suit/symrage"
        ],
        "category": "player"
    },
    "insom_equip": {
        "sounds": [
        "suit/insom_equip"
        ],
        "category": "player"
    },
    "insom_unequip": {
        "sounds": [
        "suit/insom_unequip"
        ],
        "category": "player"
    },
    "insom_jab": {
        "sounds": [
        "suit/insom_jab"
        ],
        "category": "player"
    },
    "insom_grab": {
        "sounds": [
        "suit/insom_grab"
        ],
        "category": "player"
    },
    "insom_release": {
        "sounds": [
        "suit/insom_release"
        ],
        "category": "player"
    }

}
